text,label
"Meeting moved to 4 pm, please review the draft before then. Safe note #0",safe
Please send me the final report when you have time. Safe note #1,safe
Please send me the final report when you have time. Safe note #2,safe
"Dinner is ready, call me when you arrive. Safe note #3",safe
"Dinner is ready, call me when you arrive. Safe note #4",safe
Please send me the final report when you have time. Safe note #5,safe
"Завтра в 10:00 созвон по проекту, не забудь презентацию. Safe note #6",safe
"Dinner is ready, call me when you arrive. Safe note #7",safe
"Dinner is ready, call me when you arrive. Safe note #8",safe
Купи хлеб и молоко по дороге домой. Safe note #9,safe
Купи хлеб и молоко по дороге домой. Safe note #10,safe
Купи хлеб и молоко по дороге домой. Safe note #11,safe
"Dinner is ready, call me when you arrive. Safe note #12",safe
"Завтра в 10:00 созвон по проекту, не забудь презентацию. Safe note #13",safe
"Завтра в 10:00 созвон по проекту, не забудь презентацию. Safe note #14",safe
"Meeting moved to 4 pm, please review the draft before then. Safe note #15",safe
"Dinner is ready, call me when you arrive. Safe note #16",safe
"Завтра в 10:00 созвон по проекту, не забудь презентацию. Safe note #17",safe
Купи хлеб и молоко по дороге домой. Safe note #18,safe
"Meeting moved to 4 pm, please review the draft before then. Safe note #19",safe
Please send me the final report when you have time. Safe note #20,safe
Купи хлеб и молоко по дороге домой. Safe note #21,safe
Please send me the final report when you have time. Safe note #22,safe
Купи хлеб и молоко по дороге домой. Safe note #23,safe
"Dinner is ready, call me when you arrive. Safe note #24",safe
"Я буду дома после семи, возьми фрукты. Safe note #25",safe
Please send me the final report when you have time. Safe note #26,safe
"Meeting moved to 4 pm, please review the draft before then. Safe note #27",safe
"Meeting moved to 4 pm, please review the draft before then. Safe note #28",safe
"Dinner is ready, call me when you arrive. Safe note #29",safe
"Завтра в 10:00 созвон по проекту, не забудь презентацию. Safe note #30",safe
Please send me the final report when you have time. Safe note #31,safe
"Dinner is ready, call me when you arrive. Safe note #32",safe
"Завтра в 10:00 созвон по проекту, не забудь презентацию. Safe note #33",safe
"Завтра в 10:00 созвон по проекту, не забудь презентацию. Safe note #34",safe
Купи хлеб и молоко по дороге домой. Safe note #35,safe
"Завтра в 10:00 созвон по проекту, не забудь презентацию. Safe note #36",safe
Please send me the final report when you have time. Safe note #37,safe
Please send me the final report when you have time. Safe note #38,safe
"Meeting moved to 4 pm, please review the draft before then. Safe note #39",safe
Please send me the final report when you have time. Safe note #40,safe
"Meeting moved to 4 pm, please review the draft before then. Safe note #41",safe
Купи хлеб и молоко по дороге домой. Safe note #42,safe
Купи хлеб и молоко по дороге домой. Safe note #43,safe
"Meeting moved to 4 pm, please review the draft before then. Safe note #44",safe
"Завтра в 10:00 созвон по проекту, не забудь презентацию. Safe note #45",safe
Please send me the final report when you have time. Safe note #46,safe
Купи хлеб и молоко по дороге домой. Safe note #47,safe
"Завтра в 10:00 созвон по проекту, не забудь презентацию. Safe note #48",safe
"Meeting moved to 4 pm, please review the draft before then. Safe note #49",safe
"Завтра в 10:00 созвон по проекту, не забудь презентацию. Safe note #50",safe
"Meeting moved to 4 pm, please review the draft before then. Safe note #51",safe
"Meeting moved to 4 pm, please review the draft before then. Safe note #52",safe
"Завтра в 10:00 созвон по проекту, не забудь презентацию. Safe note #53",safe
"Завтра в 10:00 созвон по проекту, не забудь презентацию. Safe note #54",safe
"Завтра в 10:00 созвон по проекту, не забудь презентацию. Safe note #55",safe
"Завтра в 10:00 созвон по проекту, не забудь презентацию. Safe note #56",safe
"Meeting moved to 4 pm, please review the draft before then. Safe note #57",safe
"Завтра в 10:00 созвон по проекту, не забудь презентацию. Safe note #58",safe
"Meeting moved to 4 pm, please review the draft before then. Safe note #59",safe
"Завтра в 10:00 созвон по проекту, не забудь презентацию. Safe note #60",safe
"Meeting moved to 4 pm, please review the draft before then. Safe note #61",safe
"Завтра в 10:00 созвон по проекту, не забудь презентацию. Safe note #62",safe
"Я буду дома после семи, возьми фрукты. Safe note #63",safe
"Я буду дома после семи, возьми фрукты. Safe note #64",safe
Please send me the final report when you have time. Safe note #65,safe
"Я буду дома после семи, возьми фрукты. Safe note #66",safe
Купи хлеб и молоко по дороге домой. Safe note #67,safe
"Dinner is ready, call me when you arrive. Safe note #68",safe
Please send me the final report when you have time. Safe note #69,safe
"Я буду дома после семи, возьми фрукты. Safe note #70",safe
"Завтра в 10:00 созвон по проекту, не забудь презентацию. Safe note #71",safe
Купи хлеб и молоко по дороге домой. Safe note #72,safe
"Meeting moved to 4 pm, please review the draft before then. Safe note #73",safe
"Завтра в 10:00 созвон по проекту, не забудь презентацию. Safe note #74",safe
Купи хлеб и молоко по дороге домой. Safe note #75,safe
"Я буду дома после семи, возьми фрукты. Safe note #76",safe
Купи хлеб и молоко по дороге домой. Safe note #77,safe
"Завтра в 10:00 созвон по проекту, не забудь презентацию. Safe note #78",safe
Купи хлеб и молоко по дороге домой. Safe note #79,safe
"Dinner is ready, call me when you arrive. Safe note #80",safe
"Завтра в 10:00 созвон по проекту, не забудь презентацию. Safe note #81",safe
"Dinner is ready, call me when you arrive. Safe note #82",safe
"Я буду дома после семи, возьми фрукты. Safe note #83",safe
"Meeting moved to 4 pm, please review the draft before then. Safe note #84",safe
"Dinner is ready, call me when you arrive. Safe note #85",safe
"Завтра в 10:00 созвон по проекту, не забудь презентацию. Safe note #86",safe
"Я буду дома после семи, возьми фрукты. Safe note #87",safe
"Dinner is ready, call me when you arrive. Safe note #88",safe
Купи хлеб и молоко по дороге домой. Safe note #89,safe
Please send me the final report when you have time. Safe note #90,safe
"Dinner is ready, call me when you arrive. Safe note #91",safe
"Dinner is ready, call me when you arrive. Safe note #92",safe
"Я буду дома после семи, возьми фрукты. Safe note #93",safe
"Dinner is ready, call me when you arrive. Safe note #94",safe
"Meeting moved to 4 pm, please review the draft before then. Safe note #95",safe
"Я буду дома после семи, возьми фрукты. Safe note #96",safe
"Завтра в 10:00 созвон по проекту, не забудь презентацию. Safe note #97",safe
"Я буду дома после семи, возьми фрукты. Safe note #98",safe
Please send me the final report when you have time. Safe note #99,safe
Please send me the final report when you have time. Safe note #100,safe
Please send me the final report when you have time. Safe note #101,safe
Купи хлеб и молоко по дороге домой. Safe note #102,safe
Купи хлеб и молоко по дороге домой. Safe note #103,safe
"Завтра в 10:00 созвон по проекту, не забудь презентацию. Safe note #104",safe
"Meeting moved to 4 pm, please review the draft before then. Safe note #105",safe
"Dinner is ready, call me when you arrive. Safe note #106",safe
"Dinner is ready, call me when you arrive. Safe note #107",safe
"Dinner is ready, call me when you arrive. Safe note #108",safe
Please send me the final report when you have time. Safe note #109,safe
"Завтра в 10:00 созвон по проекту, не забудь презентацию. Safe note #110",safe
"Я буду дома после семи, возьми фрукты. Safe note #111",safe
"Завтра в 10:00 созвон по проекту, не забудь презентацию. Safe note #112",safe
"Dinner is ready, call me when you arrive. Safe note #113",safe
"Я буду дома после семи, возьми фрукты. Safe note #114",safe
Please send me the final report when you have time. Safe note #115,safe
"Я буду дома после семи, возьми фрукты. Safe note #116",safe
Please send me the final report when you have time. Safe note #117,safe
Please send me the final report when you have time. Safe note #118,safe
"Завтра в 10:00 созвон по проекту, не забудь презентацию. Safe note #119",safe
"Завтра в 10:00 созвон по проекту, не забудь презентацию. Safe note #120",safe
"Я буду дома после семи, возьми фрукты. Safe note #121",safe
"Завтра в 10:00 созвон по проекту, не забудь презентацию. Safe note #122",safe
"Я буду дома после семи, возьми фрукты. Safe note #123",safe
"Dinner is ready, call me when you arrive. Safe note #124",safe
Купи хлеб и молоко по дороге домой. Safe note #125,safe
"Я буду дома после семи, возьми фрукты. Safe note #126",safe
"Meeting moved to 4 pm, please review the draft before then. Safe note #127",safe
Please send me the final report when you have time. Safe note #128,safe
"Я буду дома после семи, возьми фрукты. Safe note #129",safe
Купи хлеб и молоко по дороге домой. Safe note #130,safe
"Meeting moved to 4 pm, please review the draft before then. Safe note #131",safe
"Dinner is ready, call me when you arrive. Safe note #132",safe
"Я буду дома после семи, возьми фрукты. Safe note #133",safe
Купи хлеб и молоко по дороге домой. Safe note #134,safe
Please send me the final report when you have time. Safe note #135,safe
"Meeting moved to 4 pm, please review the draft before then. Safe note #136",safe
"Я буду дома после семи, возьми фрукты. Safe note #137",safe
"Завтра в 10:00 созвон по проекту, не забудь презентацию. Safe note #138",safe
"Dinner is ready, call me when you arrive. Safe note #139",safe
Please send me the final report when you have time. Safe note #140,safe
"Завтра в 10:00 созвон по проекту, не забудь презентацию. Safe note #141",safe
Купи хлеб и молоко по дороге домой. Safe note #142,safe
Купи хлеб и молоко по дороге домой. Safe note #143,safe
Купи хлеб и молоко по дороге домой. Safe note #144,safe
Купи хлеб и молоко по дороге домой. Safe note #145,safe
"Я буду дома после семи, возьми фрукты. Safe note #146",safe
Купи хлеб и молоко по дороге домой. Safe note #147,safe
"Завтра в 10:00 созвон по проекту, не забудь презентацию. Safe note #148",safe
"Dinner is ready, call me when you arrive. Safe note #149",safe
Купи хлеб и молоко по дороге домой. Safe note #150,safe
"Dinner is ready, call me when you arrive. Safe note #151",safe
"Dinner is ready, call me when you arrive. Safe note #152",safe
Please send me the final report when you have time. Safe note #153,safe
"Я буду дома после семи, возьми фрукты. Safe note #154",safe
"Завтра в 10:00 созвон по проекту, не забудь презентацию. Safe note #155",safe
Купи хлеб и молоко по дороге домой. Safe note #156,safe
Please send me the final report when you have time. Safe note #157,safe
"Я буду дома после семи, возьми фрукты. Safe note #158",safe
"Я буду дома после семи, возьми фрукты. Safe note #159",safe
"Завтра в 10:00 созвон по проекту, не забудь презентацию. Safe note #160",safe
"Dinner is ready, call me when you arrive. Safe note #161",safe
"Meeting moved to 4 pm, please review the draft before then. Safe note #162",safe
Купи хлеб и молоко по дороге домой. Safe note #163,safe
"Завтра в 10:00 созвон по проекту, не забудь презентацию. Safe note #164",safe
Купи хлеб и молоко по дороге домой. Safe note #165,safe
"Я буду дома после семи, возьми фрукты. Safe note #166",safe
Купи хлеб и молоко по дороге домой. Safe note #167,safe
Please send me the final report when you have time. Safe note #168,safe
"Dinner is ready, call me when you arrive. Safe note #169",safe
"Завтра в 10:00 созвон по проекту, не забудь презентацию. Safe note #170",safe
"Dinner is ready, call me when you arrive. Safe note #171",safe
"Meeting moved to 4 pm, please review the draft before then. Safe note #172",safe
"Завтра в 10:00 созвон по проекту, не забудь презентацию. Safe note #173",safe
"Я буду дома после семи, возьми фрукты. Safe note #174",safe
Купи хлеб и молоко по дороге домой. Safe note #175,safe
Please send me the final report when you have time. Safe note #176,safe
Купи хлеб и молоко по дороге домой. Safe note #177,safe
Please send me the final report when you have time. Safe note #178,safe
"Dinner is ready, call me when you arrive. Safe note #179",safe
"Завтра в 10:00 созвон по проекту, не забудь презентацию. Safe note #180",safe
"Я буду дома после семи, возьми фрукты. Safe note #181",safe
"Завтра в 10:00 созвон по проекту, не забудь презентацию. Safe note #182",safe
Купи хлеб и молоко по дороге домой. Safe note #183,safe
Купи хлеб и молоко по дороге домой. Safe note #184,safe
Купи хлеб и молоко по дороге домой. Safe note #185,safe
"Я буду дома после семи, возьми фрукты. Safe note #186",safe
"Dinner is ready, call me when you arrive. Safe note #187",safe
Please send me the final report when you have time. Safe note #188,safe
"Dinner is ready, call me when you arrive. Safe note #189",safe
"Dinner is ready, call me when you arrive. Safe note #190",safe
Купи хлеб и молоко по дороге домой. Safe note #191,safe
Please send me the final report when you have time. Safe note #192,safe
Please send me the final report when you have time. Safe note #193,safe
Купи хлеб и молоко по дороге домой. Safe note #194,safe
"Meeting moved to 4 pm, please review the draft before then. Safe note #195",safe
"Meeting moved to 4 pm, please review the draft before then. Safe note #196",safe
"Я буду дома после семи, возьми фрукты. Safe note #197",safe
"Завтра в 10:00 созвон по проекту, не забудь презентацию. Safe note #198",safe
"Dinner is ready, call me when you arrive. Safe note #199",safe
Please send me the final report when you have time. Safe note #200,safe
"Meeting moved to 4 pm, please review the draft before then. Safe note #201",safe
Купи хлеб и молоко по дороге домой. Safe note #202,safe
"Dinner is ready, call me when you arrive. Safe note #203",safe
"Dinner is ready, call me when you arrive. Safe note #204",safe
Please send me the final report when you have time. Safe note #205,safe
"Dinner is ready, call me when you arrive. Safe note #206",safe
Please send me the final report when you have time. Safe note #207,safe
Купи хлеб и молоко по дороге домой. Safe note #208,safe
"Я буду дома после семи, возьми фрукты. Safe note #209",safe
Купи хлеб и молоко по дороге домой. Safe note #210,safe
Please send me the final report when you have time. Safe note #211,safe
Купи хлеб и молоко по дороге домой. Safe note #212,safe
"Meeting moved to 4 pm, please review the draft before then. Safe note #213",safe
"Завтра в 10:00 созвон по проекту, не забудь презентацию. Safe note #214",safe
"Завтра в 10:00 созвон по проекту, не забудь презентацию. Safe note #215",safe
"Meeting moved to 4 pm, please review the draft before then. Safe note #216",safe
"Meeting moved to 4 pm, please review the draft before then. Safe note #217",safe
Please send me the final report when you have time. Safe note #218,safe
"Я буду дома после семи, возьми фрукты. Safe note #219",safe
"Meeting moved to 4 pm, please review the draft before then. Safe note #220",safe
Купи хлеб и молоко по дороге домой. Safe note #221,safe
Please send me the final report when you have time. Safe note #222,safe
"Завтра в 10:00 созвон по проекту, не забудь презентацию. Safe note #223",safe
Please send me the final report when you have time. Safe note #224,safe
"Meeting moved to 4 pm, please review the draft before then. Safe note #225",safe
"Dinner is ready, call me when you arrive. Safe note #226",safe
Купи хлеб и молоко по дороге домой. Safe note #227,safe
"Я буду дома после семи, возьми фрукты. Safe note #228",safe
Please send me the final report when you have time. Safe note #229,safe
"Завтра в 10:00 созвон по проекту, не забудь презентацию. Safe note #230",safe
"Dinner is ready, call me when you arrive. Safe note #231",safe
Купи хлеб и молоко по дороге домой. Safe note #232,safe
"Dinner is ready, call me when you arrive. Safe note #233",safe
Купи хлеб и молоко по дороге домой. Safe note #234,safe
Купи хлеб и молоко по дороге домой. Safe note #235,safe
Please send me the final report when you have time. Safe note #236,safe
"Я буду дома после семи, возьми фрукты. Safe note #237",safe
Купи хлеб и молоко по дороге домой. Safe note #238,safe
Купи хлеб и молоко по дороге домой. Safe note #239,safe
"Dinner is ready, call me when you arrive. Safe note #240",safe
"Meeting moved to 4 pm, please review the draft before then. Safe note #241",safe
Please send me the final report when you have time. Safe note #242,safe
Please send me the final report when you have time. Safe note #243,safe
Купи хлеб и молоко по дороге домой. Safe note #244,safe
"Dinner is ready, call me when you arrive. Safe note #245",safe
"Я буду дома после семи, возьми фрукты. Safe note #246",safe
"Я буду дома после семи, возьми фрукты. Safe note #247",safe
"Meeting moved to 4 pm, please review the draft before then. Safe note #248",safe
Please send me the final report when you have time. Safe note #249,safe
Купи хлеб и молоко по дороге домой. Safe note #250,safe
"Meeting moved to 4 pm, please review the draft before then. Safe note #251",safe
Купи хлеб и молоко по дороге домой. Safe note #252,safe
Please send me the final report when you have time. Safe note #253,safe
"Я буду дома после семи, возьми фрукты. Safe note #254",safe
"Я буду дома после семи, возьми фрукты. Safe note #255",safe
"Я буду дома после семи, возьми фрукты. Safe note #256",safe
Please send me the final report when you have time. Safe note #257,safe
"Meeting moved to 4 pm, please review the draft before then. Safe note #258",safe
Купи хлеб и молоко по дороге домой. Safe note #259,safe
Please send me the final report when you have time. Safe note #260,safe
"Я буду дома после семи, возьми фрукты. Safe note #261",safe
Купи хлеб и молоко по дороге домой. Safe note #262,safe
"Dinner is ready, call me when you arrive. Safe note #263",safe
"Dinner is ready, call me when you arrive. Safe note #264",safe
"Я буду дома после семи, возьми фрукты. Safe note #265",safe
"Dinner is ready, call me when you arrive. Safe note #266",safe
"Dinner is ready, call me when you arrive. Safe note #267",safe
Please send me the final report when you have time. Safe note #268,safe
"Dinner is ready, call me when you arrive. Safe note #269",safe
"Dinner is ready, call me when you arrive. Safe note #270",safe
Купи хлеб и молоко по дороге домой. Safe note #271,safe
"Завтра в 10:00 созвон по проекту, не забудь презентацию. Safe note #272",safe
"Завтра в 10:00 созвон по проекту, не забудь презентацию. Safe note #273",safe
"Завтра в 10:00 созвон по проекту, не забудь презентацию. Safe note #274",safe
Please send me the final report when you have time. Safe note #275,safe
Купи хлеб и молоко по дороге домой. Safe note #276,safe
"Я буду дома после семи, возьми фрукты. Safe note #277",safe
"Dinner is ready, call me when you arrive. Safe note #278",safe
Please send me the final report when you have time. Safe note #279,safe
"Meeting moved to 4 pm, please review the draft before then. Safe note #280",safe
Please send me the final report when you have time. Safe note #281,safe
"Завтра в 10:00 созвон по проекту, не забудь презентацию. Safe note #282",safe
"Meeting moved to 4 pm, please review the draft before then. Safe note #283",safe
Please send me the final report when you have time. Safe note #284,safe
"Dinner is ready, call me when you arrive. Safe note #285",safe
Купи хлеб и молоко по дороге домой. Safe note #286,safe
Купи хлеб и молоко по дороге домой. Safe note #287,safe
"Dinner is ready, call me when you arrive. Safe note #288",safe
Купи хлеб и молоко по дороге домой. Safe note #289,safe
"Я буду дома после семи, возьми фрукты. Safe note #290",safe
"Dinner is ready, call me when you arrive. Safe note #291",safe
Please send me the final report when you have time. Safe note #292,safe
Купи хлеб и молоко по дороге домой. Safe note #293,safe
"Я буду дома после семи, возьми фрукты. Safe note #294",safe
Купи хлеб и молоко по дороге домой. Safe note #295,safe
"Dinner is ready, call me when you arrive. Safe note #296",safe
"Завтра в 10:00 созвон по проекту, не забудь презентацию. Safe note #297",safe
"Я буду дома после семи, возьми фрукты. Safe note #298",safe
"Я буду дома после семи, возьми фрукты. Safe note #299",safe
"Dinner is ready, call me when you arrive. Safe note #300",safe
"Dinner is ready, call me when you arrive. Safe note #301",safe
"Dinner is ready, call me when you arrive. Safe note #302",safe
"Завтра в 10:00 созвон по проекту, не забудь презентацию. Safe note #303",safe
"Dinner is ready, call me when you arrive. Safe note #304",safe
"Meeting moved to 4 pm, please review the draft before then. Safe note #305",safe
"Я буду дома после семи, возьми фрукты. Safe note #306",safe
Купи хлеб и молоко по дороге домой. Safe note #307,safe
"Я буду дома после семи, возьми фрукты. Safe note #308",safe
"Dinner is ready, call me when you arrive. Safe note #309",safe
"Завтра в 10:00 созвон по проекту, не забудь презентацию. Safe note #310",safe
"Завтра в 10:00 созвон по проекту, не забудь презентацию. Safe note #311",safe
"Dinner is ready, call me when you arrive. Safe note #312",safe
"Meeting moved to 4 pm, please review the draft before then. Safe note #313",safe
"Я буду дома после семи, возьми фрукты. Safe note #314",safe
"Meeting moved to 4 pm, please review the draft before then. Safe note #315",safe
"Завтра в 10:00 созвон по проекту, не забудь презентацию. Safe note #316",safe
"Dinner is ready, call me when you arrive. Safe note #317",safe
"Завтра в 10:00 созвон по проекту, не забудь презентацию. Safe note #318",safe
"Dinner is ready, call me when you arrive. Safe note #319",safe
"Я буду дома после семи, возьми фрукты. Safe note #320",safe
"Я буду дома после семи, возьми фрукты. Safe note #321",safe
Please send me the final report when you have time. Safe note #322,safe
"Dinner is ready, call me when you arrive. Safe note #323",safe
"Meeting moved to 4 pm, please review the draft before then. Safe note #324",safe
"Завтра в 10:00 созвон по проекту, не забудь презентацию. Safe note #325",safe
"Завтра в 10:00 созвон по проекту, не забудь презентацию. Safe note #326",safe
"Я буду дома после семи, возьми фрукты. Safe note #327",safe
"Meeting moved to 4 pm, please review the draft before then. Safe note #328",safe
"Meeting moved to 4 pm, please review the draft before then. Safe note #329",safe
"Meeting moved to 4 pm, please review the draft before then. Safe note #330",safe
Please send me the final report when you have time. Safe note #331,safe
Please send me the final report when you have time. Safe note #332,safe
"Dinner is ready, call me when you arrive. Safe note #333",safe
Купи хлеб и молоко по дороге домой. Safe note #334,safe
"Завтра в 10:00 созвон по проекту, не забудь презентацию. Safe note #335",safe
Купи хлеб и молоко по дороге домой. Safe note #336,safe
"Dinner is ready, call me when you arrive. Safe note #337",safe
"Meeting moved to 4 pm, please review the draft before then. Safe note #338",safe
"Meeting moved to 4 pm, please review the draft before then. Safe note #339",safe
"Dinner is ready, call me when you arrive. Safe note #340",safe
"Dinner is ready, call me when you arrive. Safe note #341",safe
Please send me the final report when you have time. Safe note #342,safe
"Meeting moved to 4 pm, please review the draft before then. Safe note #343",safe
"Завтра в 10:00 созвон по проекту, не забудь презентацию. Safe note #344",safe
"Завтра в 10:00 созвон по проекту, не забудь презентацию. Safe note #345",safe
"Я буду дома после семи, возьми фрукты. Safe note #346",safe
Please send me the final report when you have time. Safe note #347,safe
Please send me the final report when you have time. Safe note #348,safe
Купи хлеб и молоко по дороге домой. Safe note #349,safe
"Я буду дома после семи, возьми фрукты. Safe note #350",safe
"Meeting moved to 4 pm, please review the draft before then. Safe note #351",safe
Купи хлеб и молоко по дороге домой. Safe note #352,safe
"Meeting moved to 4 pm, please review the draft before then. Safe note #353",safe
"Meeting moved to 4 pm, please review the draft before then. Safe note #354",safe
"Meeting moved to 4 pm, please review the draft before then. Safe note #355",safe
Please send me the final report when you have time. Safe note #356,safe
"Завтра в 10:00 созвон по проекту, не забудь презентацию. Safe note #357",safe
"Meeting moved to 4 pm, please review the draft before then. Safe note #358",safe
"Dinner is ready, call me when you arrive. Safe note #359",safe
"Я буду дома после семи, возьми фрукты. Safe note #360",safe
"Meeting moved to 4 pm, please review the draft before then. Safe note #361",safe
"Я буду дома после семи, возьми фрукты. Safe note #362",safe
"Я буду дома после семи, возьми фрукты. Safe note #363",safe
"Meeting moved to 4 pm, please review the draft before then. Safe note #364",safe
"Meeting moved to 4 pm, please review the draft before then. Safe note #365",safe
"Я буду дома после семи, возьми фрукты. Safe note #366",safe
Купи хлеб и молоко по дороге домой. Safe note #367,safe
"Завтра в 10:00 созвон по проекту, не забудь презентацию. Safe note #368",safe
"Я буду дома после семи, возьми фрукты. Safe note #369",safe
Купи хлеб и молоко по дороге домой. Safe note #370,safe
"Dinner is ready, call me when you arrive. Safe note #371",safe
Please send me the final report when you have time. Safe note #372,safe
"Я буду дома после семи, возьми фрукты. Safe note #373",safe
"Завтра в 10:00 созвон по проекту, не забудь презентацию. Safe note #374",safe
"Я буду дома после семи, возьми фрукты. Safe note #375",safe
"Я буду дома после семи, возьми фрукты. Safe note #376",safe
"Meeting moved to 4 pm, please review the draft before then. Safe note #377",safe
"Dinner is ready, call me when you arrive. Safe note #378",safe
"Я буду дома после семи, возьми фрукты. Safe note #379",safe
"Dinner is ready, call me when you arrive. Safe note #380",safe
Купи хлеб и молоко по дороге домой. Safe note #381,safe
Please send me the final report when you have time. Safe note #382,safe
"Dinner is ready, call me when you arrive. Safe note #383",safe
Купи хлеб и молоко по дороге домой. Safe note #384,safe
Купи хлеб и молоко по дороге домой. Safe note #385,safe
Please send me the final report when you have time. Safe note #386,safe
Please send me the final report when you have time. Safe note #387,safe
"Я буду дома после семи, возьми фрукты. Safe note #388",safe
"Завтра в 10:00 созвон по проекту, не забудь презентацию. Safe note #389",safe
Купи хлеб и молоко по дороге домой. Safe note #390,safe
"Я буду дома после семи, возьми фрукты. Safe note #391",safe
"Я буду дома после семи, возьми фрукты. Safe note #392",safe
Please send me the final report when you have time. Safe note #393,safe
Please send me the final report when you have time. Safe note #394,safe
"Dinner is ready, call me when you arrive. Safe note #395",safe
Купи хлеб и молоко по дороге домой. Safe note #396,safe
Please send me the final report when you have time. Safe note #397,safe
"Завтра в 10:00 созвон по проекту, не забудь презентацию. Safe note #398",safe
"Завтра в 10:00 созвон по проекту, не забудь презентацию. Safe note #399",safe
Купи хлеб и молоко по дороге домой. Safe note #400,safe
Please send me the final report when you have time. Safe note #401,safe
"Завтра в 10:00 созвон по проекту, не забудь презентацию. Safe note #402",safe
"Я буду дома после семи, возьми фрукты. Safe note #403",safe
Купи хлеб и молоко по дороге домой. Safe note #404,safe
"Dinner is ready, call me when you arrive. Safe note #405",safe
"Meeting moved to 4 pm, please review the draft before then. Safe note #406",safe
Купи хлеб и молоко по дороге домой. Safe note #407,safe
"Завтра в 10:00 созвон по проекту, не забудь презентацию. Safe note #408",safe
"Завтра в 10:00 созвон по проекту, не забудь презентацию. Safe note #409",safe
"Dinner is ready, call me when you arrive. Safe note #410",safe
Please send me the final report when you have time. Safe note #411,safe
"Dinner is ready, call me when you arrive. Safe note #412",safe
"Я буду дома после семи, возьми фрукты. Safe note #413",safe
"Meeting moved to 4 pm, please review the draft before then. Safe note #414",safe
"Я буду дома после семи, возьми фрукты. Safe note #415",safe
"Я буду дома после семи, возьми фрукты. Safe note #416",safe
"Dinner is ready, call me when you arrive. Safe note #417",safe
"Завтра в 10:00 созвон по проекту, не забудь презентацию. Safe note #418",safe
"Dinner is ready, call me when you arrive. Safe note #419",safe
Купи хлеб и молоко по дороге домой. Safe note #420,safe
Please send me the final report when you have time. Safe note #421,safe
"Завтра в 10:00 созвон по проекту, не забудь презентацию. Safe note #422",safe
Купи хлеб и молоко по дороге домой. Safe note #423,safe
Please send me the final report when you have time. Safe note #424,safe
"Dinner is ready, call me when you arrive. Safe note #425",safe
Please send me the final report when you have time. Safe note #426,safe
Please send me the final report when you have time. Safe note #427,safe
"Я буду дома после семи, возьми фрукты. Safe note #428",safe
Please send me the final report when you have time. Safe note #429,safe
"Я буду дома после семи, возьми фрукты. Safe note #430",safe
"Я буду дома после семи, возьми фрукты. Safe note #431",safe
"Завтра в 10:00 созвон по проекту, не забудь презентацию. Safe note #432",safe
"Dinner is ready, call me when you arrive. Safe note #433",safe
"Meeting moved to 4 pm, please review the draft before then. Safe note #434",safe
"Я буду дома после семи, возьми фрукты. Safe note #435",safe
"Я буду дома после семи, возьми фрукты. Safe note #436",safe
Купи хлеб и молоко по дороге домой. Safe note #437,safe
Купи хлеб и молоко по дороге домой. Safe note #438,safe
Please send me the final report when you have time. Safe note #439,safe
Купи хлеб и молоко по дороге домой. Safe note #440,safe
"Я буду дома после семи, возьми фрукты. Safe note #441",safe
"Meeting moved to 4 pm, please review the draft before then. Safe note #442",safe
"Dinner is ready, call me when you arrive. Safe note #443",safe
Please send me the final report when you have time. Safe note #444,safe
Please send me the final report when you have time. Safe note #445,safe
"Meeting moved to 4 pm, please review the draft before then. Safe note #446",safe
Купи хлеб и молоко по дороге домой. Safe note #447,safe
"Я буду дома после семи, возьми фрукты. Safe note #448",safe
"Я буду дома после семи, возьми фрукты. Safe note #449",safe
"Meeting moved to 4 pm, please review the draft before then. Safe note #450",safe
Please send me the final report when you have time. Safe note #451,safe
"Dinner is ready, call me when you arrive. Safe note #452",safe
Please send me the final report when you have time. Safe note #453,safe
"Я буду дома после семи, возьми фрукты. Safe note #454",safe
"Dinner is ready, call me when you arrive. Safe note #455",safe
Купи хлеб и молоко по дороге домой. Safe note #456,safe
"Dinner is ready, call me when you arrive. Safe note #457",safe
Please send me the final report when you have time. Safe note #458,safe
"Meeting moved to 4 pm, please review the draft before then. Safe note #459",safe
"Завтра в 10:00 созвон по проекту, не забудь презентацию. Safe note #460",safe
Купи хлеб и молоко по дороге домой. Safe note #461,safe
"Dinner is ready, call me when you arrive. Safe note #462",safe
Купи хлеб и молоко по дороге домой. Safe note #463,safe
"Dinner is ready, call me when you arrive. Safe note #464",safe
Купи хлеб и молоко по дороге домой. Safe note #465,safe
"Dinner is ready, call me when you arrive. Safe note #466",safe
"Завтра в 10:00 созвон по проекту, не забудь презентацию. Safe note #467",safe
Please send me the final report when you have time. Safe note #468,safe
Купи хлеб и молоко по дороге домой. Safe note #469,safe
Please send me the final report when you have time. Safe note #470,safe
Купи хлеб и молоко по дороге домой. Safe note #471,safe
"Завтра в 10:00 созвон по проекту, не забудь презентацию. Safe note #472",safe
"Завтра в 10:00 созвон по проекту, не забудь презентацию. Safe note #473",safe
Please send me the final report when you have time. Safe note #474,safe
"Завтра в 10:00 созвон по проекту, не забудь презентацию. Safe note #475",safe
"Dinner is ready, call me when you arrive. Safe note #476",safe
"Dinner is ready, call me when you arrive. Safe note #477",safe
"Завтра в 10:00 созвон по проекту, не забудь презентацию. Safe note #478",safe
Please send me the final report when you have time. Safe note #479,safe
Please send me the final report when you have time. Safe note #480,safe
Please send me the final report when you have time. Safe note #481,safe
Купи хлеб и молоко по дороге домой. Safe note #482,safe
"Dinner is ready, call me when you arrive. Safe note #483",safe
"Meeting moved to 4 pm, please review the draft before then. Safe note #484",safe
"Meeting moved to 4 pm, please review the draft before then. Safe note #485",safe
"Я буду дома после семи, возьми фрукты. Safe note #486",safe
"Я буду дома после семи, возьми фрукты. Safe note #487",safe
"Завтра в 10:00 созвон по проекту, не забудь презентацию. Safe note #488",safe
"Я буду дома после семи, возьми фрукты. Safe note #489",safe
"Dinner is ready, call me when you arrive. Safe note #490",safe
Купи хлеб и молоко по дороге домой. Safe note #491,safe
"Meeting moved to 4 pm, please review the draft before then. Safe note #492",safe
"Я буду дома после семи, возьми фрукты. Safe note #493",safe
Купи хлеб и молоко по дороге домой. Safe note #494,safe
Купи хлеб и молоко по дороге домой. Safe note #495,safe
"Я буду дома после семи, возьми фрукты. Safe note #496",safe
Please send me the final report when you have time. Safe note #497,safe
"Я буду дома после семи, возьми фрукты. Safe note #498",safe
Please send me the final report when you have time. Safe note #499,safe
"Meeting moved to 4 pm, please review the draft before then. Safe note #500",safe
"Я буду дома после семи, возьми фрукты. Safe note #501",safe
"Meeting moved to 4 pm, please review the draft before then. Safe note #502",safe
"Meeting moved to 4 pm, please review the draft before then. Safe note #503",safe
"Я буду дома после семи, возьми фрукты. Safe note #504",safe
"Dinner is ready, call me when you arrive. Safe note #505",safe
"Dinner is ready, call me when you arrive. Safe note #506",safe
"Dinner is ready, call me when you arrive. Safe note #507",safe
"Meeting moved to 4 pm, please review the draft before then. Safe note #508",safe
"Завтра в 10:00 созвон по проекту, не забудь презентацию. Safe note #509",safe
"Meeting moved to 4 pm, please review the draft before then. Safe note #510",safe
Купи хлеб и молоко по дороге домой. Safe note #511,safe
Купи хлеб и молоко по дороге домой. Safe note #512,safe
"Dinner is ready, call me when you arrive. Safe note #513",safe
Купи хлеб и молоко по дороге домой. Safe note #514,safe
Please send me the final report when you have time. Safe note #515,safe
"Завтра в 10:00 созвон по проекту, не забудь презентацию. Safe note #516",safe
Please send me the final report when you have time. Safe note #517,safe
"Завтра в 10:00 созвон по проекту, не забудь презентацию. Safe note #518",safe
Купи хлеб и молоко по дороге домой. Safe note #519,safe
Please send me the final report when you have time. Safe note #520,safe
"Meeting moved to 4 pm, please review the draft before then. Safe note #521",safe
Купи хлеб и молоко по дороге домой. Safe note #522,safe
"Я буду дома после семи, возьми фрукты. Safe note #523",safe
Please send me the final report when you have time. Safe note #524,safe
Please send me the final report when you have time. Safe note #525,safe
Please send me the final report when you have time. Safe note #526,safe
"Meeting moved to 4 pm, please review the draft before then. Safe note #527",safe
"Dinner is ready, call me when you arrive. Safe note #528",safe
Купи хлеб и молоко по дороге домой. Safe note #529,safe
"Я буду дома после семи, возьми фрукты. Safe note #530",safe
"Meeting moved to 4 pm, please review the draft before then. Safe note #531",safe
Купи хлеб и молоко по дороге домой. Safe note #532,safe
"Я буду дома после семи, возьми фрукты. Safe note #533",safe
"Я буду дома после семи, возьми фрукты. Safe note #534",safe
"Meeting moved to 4 pm, please review the draft before then. Safe note #535",safe
Please send me the final report when you have time. Safe note #536,safe
"Я буду дома после семи, возьми фрукты. Safe note #537",safe
"Dinner is ready, call me when you arrive. Safe note #538",safe
"Я буду дома после семи, возьми фрукты. Safe note #539",safe
"Dinner is ready, call me when you arrive. Safe note #540",safe
"Завтра в 10:00 созвон по проекту, не забудь презентацию. Safe note #541",safe
"Dinner is ready, call me when you arrive. Safe note #542",safe
Купи хлеб и молоко по дороге домой. Safe note #543,safe
"Dinner is ready, call me when you arrive. Safe note #544",safe
Please send me the final report when you have time. Safe note #545,safe
"Я буду дома после семи, возьми фрукты. Safe note #546",safe
"Я буду дома после семи, возьми фрукты. Safe note #547",safe
"Завтра в 10:00 созвон по проекту, не забудь презентацию. Safe note #548",safe
"Meeting moved to 4 pm, please review the draft before then. Safe note #549",safe
"Я буду дома после семи, возьми фрукты. Safe note #550",safe
Please send me the final report when you have time. Safe note #551,safe
"Я буду дома после семи, возьми фрукты. Safe note #552",safe
"Я буду дома после семи, возьми фрукты. Safe note #553",safe
Купи хлеб и молоко по дороге домой. Safe note #554,safe
Please send me the final report when you have time. Safe note #555,safe
"Dinner is ready, call me when you arrive. Safe note #556",safe
"Я буду дома после семи, возьми фрукты. Safe note #557",safe
"Я буду дома после семи, возьми фрукты. Safe note #558",safe
Please send me the final report when you have time. Safe note #559,safe
"Завтра в 10:00 созвон по проекту, не забудь презентацию. Safe note #560",safe
Купи хлеб и молоко по дороге домой. Safe note #561,safe
Please send me the final report when you have time. Safe note #562,safe
Please send me the final report when you have time. Safe note #563,safe
"Meeting moved to 4 pm, please review the draft before then. Safe note #564",safe
"Dinner is ready, call me when you arrive. Safe note #565",safe
"Dinner is ready, call me when you arrive. Safe note #566",safe
Купи хлеб и молоко по дороге домой. Safe note #567,safe
Please send me the final report when you have time. Safe note #568,safe
"Meeting moved to 4 pm, please review the draft before then. Safe note #569",safe
"Dinner is ready, call me when you arrive. Safe note #570",safe
"Meeting moved to 4 pm, please review the draft before then. Safe note #571",safe
Please send me the final report when you have time. Safe note #572,safe
"Завтра в 10:00 созвон по проекту, не забудь презентацию. Safe note #573",safe
"Dinner is ready, call me when you arrive. Safe note #574",safe
Купи хлеб и молоко по дороге домой. Safe note #575,safe
"Я буду дома после семи, возьми фрукты. Safe note #576",safe
Купи хлеб и молоко по дороге домой. Safe note #577,safe
"Завтра в 10:00 созвон по проекту, не забудь презентацию. Safe note #578",safe
"Dinner is ready, call me when you arrive. Safe note #579",safe
Please send me the final report when you have time. Safe note #580,safe
"Завтра в 10:00 созвон по проекту, не забудь презентацию. Safe note #581",safe
"Я буду дома после семи, возьми фрукты. Safe note #582",safe
Купи хлеб и молоко по дороге домой. Safe note #583,safe
"Dinner is ready, call me when you arrive. Safe note #584",safe
"Meeting moved to 4 pm, please review the draft before then. Safe note #585",safe
"Meeting moved to 4 pm, please review the draft before then. Safe note #586",safe
Купи хлеб и молоко по дороге домой. Safe note #587,safe
"Dinner is ready, call me when you arrive. Safe note #588",safe
"Я буду дома после семи, возьми фрукты. Safe note #589",safe
"Meeting moved to 4 pm, please review the draft before then. Safe note #590",safe
Купи хлеб и молоко по дороге домой. Safe note #591,safe
Купи хлеб и молоко по дороге домой. Safe note #592,safe
Купи хлеб и молоко по дороге домой. Safe note #593,safe
"Dinner is ready, call me when you arrive. Safe note #594",safe
"Meeting moved to 4 pm, please review the draft before then. Safe note #595",safe
Купи хлеб и молоко по дороге домой. Safe note #596,safe
"Dinner is ready, call me when you arrive. Safe note #597",safe
"Meeting moved to 4 pm, please review the draft before then. Safe note #598",safe
"Meeting moved to 4 pm, please review the draft before then. Safe note #599",safe
"Я буду дома после семи, возьми фрукты. Safe note #600",safe
"Dinner is ready, call me when you arrive. Safe note #601",safe
"Завтра в 10:00 созвон по проекту, не забудь презентацию. Safe note #602",safe
"Завтра в 10:00 созвон по проекту, не забудь презентацию. Safe note #603",safe
"Dinner is ready, call me when you arrive. Safe note #604",safe
Купи хлеб и молоко по дороге домой. Safe note #605,safe
Please send me the final report when you have time. Safe note #606,safe
"Meeting moved to 4 pm, please review the draft before then. Safe note #607",safe
"Dinner is ready, call me when you arrive. Safe note #608",safe
"Я буду дома после семи, возьми фрукты. Safe note #609",safe
"Я буду дома после семи, возьми фрукты. Safe note #610",safe
Please send me the final report when you have time. Safe note #611,safe
"Завтра в 10:00 созвон по проекту, не забудь презентацию. Safe note #612",safe
"Я буду дома после семи, возьми фрукты. Safe note #613",safe
"Meeting moved to 4 pm, please review the draft before then. Safe note #614",safe
Купи хлеб и молоко по дороге домой. Safe note #615,safe
"Я буду дома после семи, возьми фрукты. Safe note #616",safe
"Meeting moved to 4 pm, please review the draft before then. Safe note #617",safe
Купи хлеб и молоко по дороге домой. Safe note #618,safe
"Dinner is ready, call me when you arrive. Safe note #619",safe
"Завтра в 10:00 созвон по проекту, не забудь презентацию. Safe note #620",safe
"Meeting moved to 4 pm, please review the draft before then. Safe note #621",safe
Купи хлеб и молоко по дороге домой. Safe note #622,safe
"Я буду дома после семи, возьми фрукты. Safe note #623",safe
"Dinner is ready, call me when you arrive. Safe note #624",safe
Купи хлеб и молоко по дороге домой. Safe note #625,safe
Please send me the final report when you have time. Safe note #626,safe
Please send me the final report when you have time. Safe note #627,safe
"Завтра в 10:00 созвон по проекту, не забудь презентацию. Safe note #628",safe
Please send me the final report when you have time. Safe note #629,safe
"Meeting moved to 4 pm, please review the draft before then. Safe note #630",safe
Купи хлеб и молоко по дороге домой. Safe note #631,safe
Купи хлеб и молоко по дороге домой. Safe note #632,safe
Купи хлеб и молоко по дороге домой. Safe note #633,safe
Please send me the final report when you have time. Safe note #634,safe
"Я буду дома после семи, возьми фрукты. Safe note #635",safe
"Dinner is ready, call me when you arrive. Safe note #636",safe
"Meeting moved to 4 pm, please review the draft before then. Safe note #637",safe
Купи хлеб и молоко по дороге домой. Safe note #638,safe
"Завтра в 10:00 созвон по проекту, не забудь презентацию. Safe note #639",safe
"Я буду дома после семи, возьми фрукты. Safe note #640",safe
"Dinner is ready, call me when you arrive. Safe note #641",safe
Купи хлеб и молоко по дороге домой. Safe note #642,safe
Купи хлеб и молоко по дороге домой. Safe note #643,safe
"Meeting moved to 4 pm, please review the draft before then. Safe note #644",safe
"Meeting moved to 4 pm, please review the draft before then. Safe note #645",safe
Please send me the final report when you have time. Safe note #646,safe
"Meeting moved to 4 pm, please review the draft before then. Safe note #647",safe
Please send me the final report when you have time. Safe note #648,safe
"Завтра в 10:00 созвон по проекту, не забудь презентацию. Safe note #649",safe
"Я буду дома после семи, возьми фрукты. Safe note #650",safe
"Dinner is ready, call me when you arrive. Safe note #651",safe
Купи хлеб и молоко по дороге домой. Safe note #652,safe
Please send me the final report when you have time. Safe note #653,safe
"Meeting moved to 4 pm, please review the draft before then. Safe note #654",safe
"Meeting moved to 4 pm, please review the draft before then. Safe note #655",safe
"Meeting moved to 4 pm, please review the draft before then. Safe note #656",safe
"Завтра в 10:00 созвон по проекту, не забудь презентацию. Safe note #657",safe
Купи хлеб и молоко по дороге домой. Safe note #658,safe
Купи хлеб и молоко по дороге домой. Safe note #659,safe
"Я буду дома после семи, возьми фрукты. Safe note #660",safe
Please send me the final report when you have time. Safe note #661,safe
"Я буду дома после семи, возьми фрукты. Safe note #662",safe
"Я буду дома после семи, возьми фрукты. Safe note #663",safe
Please send me the final report when you have time. Safe note #664,safe
Купи хлеб и молоко по дороге домой. Safe note #665,safe
"Meeting moved to 4 pm, please review the draft before then. Safe note #666",safe
"Meeting moved to 4 pm, please review the draft before then. Safe note #667",safe
"Я буду дома после семи, возьми фрукты. Safe note #668",safe
"Я буду дома после семи, возьми фрукты. Safe note #669",safe
"Я буду дома после семи, возьми фрукты. Safe note #670",safe
Купи хлеб и молоко по дороге домой. Safe note #671,safe
Please send me the final report when you have time. Safe note #672,safe
"Я буду дома после семи, возьми фрукты. Safe note #673",safe
"Я буду дома после семи, возьми фрукты. Safe note #674",safe
"Meeting moved to 4 pm, please review the draft before then. Safe note #675",safe
Купи хлеб и молоко по дороге домой. Safe note #676,safe
"Meeting moved to 4 pm, please review the draft before then. Safe note #677",safe
"Dinner is ready, call me when you arrive. Safe note #678",safe
Please send me the final report when you have time. Safe note #679,safe
"Meeting moved to 4 pm, please review the draft before then. Safe note #680",safe
Please send me the final report when you have time. Safe note #681,safe
"Meeting moved to 4 pm, please review the draft before then. Safe note #682",safe
"Meeting moved to 4 pm, please review the draft before then. Safe note #683",safe
"Dinner is ready, call me when you arrive. Safe note #684",safe
"Dinner is ready, call me when you arrive. Safe note #685",safe
"Meeting moved to 4 pm, please review the draft before then. Safe note #686",safe
"Dinner is ready, call me when you arrive. Safe note #687",safe
"Я буду дома после семи, возьми фрукты. Safe note #688",safe
Купи хлеб и молоко по дороге домой. Safe note #689,safe
"Meeting moved to 4 pm, please review the draft before then. Safe note #690",safe
"Я буду дома после семи, возьми фрукты. Safe note #691",safe
Купи хлеб и молоко по дороге домой. Safe note #692,safe
"Dinner is ready, call me when you arrive. Safe note #693",safe
"Dinner is ready, call me when you arrive. Safe note #694",safe
"Dinner is ready, call me when you arrive. Safe note #695",safe
Купи хлеб и молоко по дороге домой. Safe note #696,safe
"Завтра в 10:00 созвон по проекту, не забудь презентацию. Safe note #697",safe
"Meeting moved to 4 pm, please review the draft before then. Safe note #698",safe
"Meeting moved to 4 pm, please review the draft before then. Safe note #699",safe
